iPhone 6/6s новые,https://www.avito.ru/ryazan/telefony/iphone_66s_novye_911882090,11 500 р.,Сегодня 19:13
iPhone 6 16/32/64Gb A1586,https://www.avito.ru/ryazan/telefony/iphone_6_163264gb_a1586_844510866,16 990 р.,Сегодня 18:59
Оригинальные iPhone 6S с гарантией,https://www.avito.ru/ryazan/telefony/originalnye_iphone_6s_s_garantiey_1218680900,16 990 р.,Сегодня 18:42
Оригинальные iPhone 6 с гарантией,https://www.avito.ru/ryazan/telefony/originalnye_iphone_6_s_garantiey_965563517,13 990 р.,Сегодня 18:40
iPhone 6 16/64GB Гарантия,https://www.avito.ru/ryazan/telefony/iphone_6_1664gb_garantiya_1123710741,16 990 р.,Сегодня 18:06
iPhone 6 32GB Новый Цвета: серый и золотой,https://www.avito.ru/ryazan/telefony/iphone_6_32gb_novyy_tsveta_seryy_i_zolotoy_956306433,23 990 р.,Сегодня 17:50
iPhone 6,https://www.avito.ru/ryazan/telefony/iphone_6_1035690482,13 400 р.,Сегодня 15:06
iPhone 6 gold,https://www.avito.ru/ryazan/telefony/iphone_6_gold_1039366872,14 000 р.,Сегодня 14:37
iPhone 6 16Gb новый + гарантия,https://www.avito.ru/ryazan/telefony/iphone_6_16gb_novyy_garantiya_1109063192,13 900 р.,Сегодня 09:28
iPhone 6,https://www.avito.ru/ryazan/telefony/iphone_6_1125314253,13 000 р.,Вчера 21:20
iPhone 6 64 Гб Рст Silver,https://www.avito.ru/ryazan/telefony/iphone_6_64_gb_rst_silver_1012882073,16 950 р.,Вчера 23:40
iPhone 6,https://www.avito.ru/ryazan/telefony/iphone_6_1043587885,15 500 р.,Вчера 22:28
iPhone 6 space gray,https://www.avito.ru/ryazan/telefony/iphone_6_space_gray_1163103330,16 000 р.,Вчера 03:21
iPhone 6 16.Гарантия. Все цвета и объемы,https://www.avito.ru/ryazan/telefony/iphone_6_16.garantiya._vse_tsveta_i_obemy_1116396439,13 490 р.,Вчера 15:25
iPhone 6 на 16 гб,https://www.avito.ru/ryazan/telefony/iphone_6_na_16_gb_1084131930,14 000 р.,Вчера 14:38
iPhone 6 все цвета и объемы памяти. Гарантия,https://www.avito.ru/ryazan/telefony/iphone_6_vse_tsveta_i_obemy_pamyati._garantiya_993365836,15 990 р.,Вчера 12:16
iPhone 6 plus,https://www.avito.ru/ryazan/telefony/iphone_6_plus_1105852365,25 000 р.,15 ноября 21:35
Айфон 6 64 гб,https://www.avito.ru/ryazan/telefony/ayfon_6_64_gb_1185967564,22 000 р.,15 ноября 14:27
iPhone 6 gold,https://www.avito.ru/ryazan/telefony/iphone_6_gold_1135124878,11 800 р.,Сегодня 22:17
iPhone 6 черный no touch id,https://www.avito.ru/ryazan/telefony/iphone_6_chernyy_no_touch_id_1190312327,9 000 р.,Сегодня 20:41
iPhone 6,https://www.avito.ru/ryazan/telefony/iphone_6_929431065,13 000 р.,Сегодня 20:24
iPhone 6 64 gb,https://www.avito.ru/ryazan/telefony/iphone_6_64_gb_1107571340,20 000 р.,Сегодня 19:37
iPhone 6 16,https://www.avito.ru/ryazan/telefony/iphone_6_16_1213988376,14 000 р.,Сегодня 16:42
"iPhone 6, 16gb",https://www.avito.ru/ryazan/telefony/iphone_6_16gb_1223088267,13 500 р.,14 ноября 12:18
iPhone 6 16GB White/Gold,https://www.avito.ru/ryazan/telefony/iphone_6_16gb_whitegold_1161439797,12 000 р.,Сегодня 09:51
iPhone 6 64 Гб,https://www.avito.ru/ryazan/telefony/iphone_6_64_gb_984954918,14 000 р.,14 ноября 15:50
iPhone 6,https://www.avito.ru/ryazan/telefony/iphone_6_1046229839,14 900 р.,14 ноября 15:39
iPhone 6 Plus,https://www.avito.ru/ryazan/telefony/iphone_6_plus_1171531642,22 500 р.,15 ноября 18:09
iPhone 6 Plus,https://www.avito.ru/ryazan/telefony/iphone_6_plus_1017497215,20 000 р.,14 ноября 00:31
iPhone 6 64gb,https://www.avito.ru/ryazan/telefony/iphone_6_64gb_1119453893,20 000 р.,Вчера 17:33
iPhone 6 Plus 128 GB,https://www.avito.ru/ryazan/telefony/iphone_6_plus_128_gb_997098017,31 000 р.,Вчера 16:21
iPhone 6,https://www.avito.ru/ryazan/telefony/iphone_6_984467440,3 000 р.,Вчера 15:34
Айфон 6 16gb,https://www.avito.ru/ryazan/telefony/ayfon_6_16gb_1090850022,15 500 р.,13 ноября 19:47
iPhone 6/6s новые,https://www.avito.ru/ryazan/telefony/iphone_66s_novye_911882090,11 500 р.,Сегодня 19:13
iPhone 6 16/32/64Gb A1586,https://www.avito.ru/ryazan/telefony/iphone_6_163264gb_a1586_844510866,16 990 р.,Сегодня 18:59
Оригинальные iPhone 6S с гарантией,https://www.avito.ru/ryazan/telefony/originalnye_iphone_6s_s_garantiey_1218680900,16 990 р.,Сегодня 18:42
Оригинальные iPhone 6 с гарантией,https://www.avito.ru/ryazan/telefony/originalnye_iphone_6_s_garantiey_965563517,13 990 р.,Сегодня 18:40
Айфон 6 16gb,https://www.avito.ru/ryazan/telefony/ayfon_6_16gb_1090850022,15 500 р.,13 ноября 19:47
iPhone 6 16g,https://www.avito.ru/ryazan/telefony/iphone_6_16g_1120189693,19 000 р.,15 ноября 12:45
iPhone 6,https://www.avito.ru/ryazan/telefony/iphone_6_949015564,13 500 р.,15 ноября 10:28
iPhone 6,https://www.avito.ru/ryazan/telefony/iphone_6_940805932,10 000 р.,15 ноября 00:14
iPhone 6,https://www.avito.ru/ryazan/telefony/iphone_6_957720903,150 р.,Вчера 21:46
iPhone 6,https://www.avito.ru/ryazan/telefony/iphone_6_978575557,11 000 р.,14 ноября 23:37
iPhone 6 16 gb,https://www.avito.ru/ryazan/telefony/iphone_6_16_gb_930347858,19 000 р.,14 ноября 23:36
iPhone 6 16 gb,https://www.avito.ru/ryazan/telefony/iphone_6_16_gb_1009099257,11 000 р.,14 ноября 22:10
iPhone 6 16gb,https://www.avito.ru/ryazan/telefony/iphone_6_16gb_1097643507,7 000 р.,14 ноября 19:40
iPhone 6. 128gb,https://www.avito.ru/ryazan/telefony/iphone_6._128gb_977494542,16 000 р.,11 ноября 16:08
Айфон 6 не востановленый +чехол аккумулятор,https://www.avito.ru/ryazan/telefony/ayfon_6_ne_vostanovlenyy_chehol_akkumulyator_1217784454,10 500 р.,14 ноября 03:07
Айфон 6,https://www.avito.ru/ryazan/telefony/ayfon_6_1202164993,13 000 р.,11 ноября 12:50
Apple iPhone 6 Plus 16Gb Space Grey,https://www.avito.ru/ryazan/telefony/apple_iphone_6_plus_16gb_space_grey_1198782051,21 000 р.,Вчера 12:17
Как Новые iPhone 6 Все объемы и цвета. Гарантия,https://www.avito.ru/ryazan/telefony/kak_novye_iphone_6_vse_obemy_i_tsveta._garantiya_892869839,12 990 р.,Вчера 10:10
iPhone 6 16 gb обмен,https://www.avito.ru/ryazan/telefony/iphone_6_16_gb_obmen_1022316362,4 500 р.,13 ноября 19:55
iPhone 6,https://www.avito.ru/ryazan/telefony/iphone_6_1206429703,20 000 р.,13 ноября 19:47
iPhone 6 Plus,https://www.avito.ru/ryazan/telefony/iphone_6_plus_991595642,25 000 р.,13 ноября 18:39
"iPhone 6 16GB (гарантия, магазин)",https://www.avito.ru/ryazan/telefony/iphone_6_16gb_garantiya_magazin_912354160,15 990 р.,13 ноября 15:53
iPhone 6,https://www.avito.ru/ryazan/telefony/iphone_6_1075360092,14 000 р.,12 ноября 20:39
Афон 6 на запчасти,https://www.avito.ru/ryazan/telefony/afon_6_na_zapchasti_983197125,1 800 р.,12 ноября 18:46
iPhone 6,https://www.avito.ru/ryazan/telefony/iphone_6_1188749615,13 500 р.,10 ноября 16:53
Чехлы для телефона iPhone 6,https://www.avito.ru/ryazan/telefony/chehly_dlya_telefona_iphone_6_810357320,1 100 р.,Сегодня 10:30
iPhone 6 16gb,https://www.avito.ru/ryazan/telefony/iphone_6_16gb_942355333,15 000 р.,11 ноября 15:42
iPhone 6 64,https://www.avito.ru/ryazan/telefony/iphone_6_64_953755565,19 000 р.,10 ноября 13:20
Новый iPhone 6 16Gb Space Gray,https://www.avito.ru/ryazan/telefony/novyy_iphone_6_16gb_space_gray_1130740598,12 400 р.,14 ноября 15:02
iPhone 6 plus,https://www.avito.ru/ryazan/telefony/iphone_6_plus_1172874455,17 500 р.,11 ноября 19:58
iPhone 6,https://www.avito.ru/ryazan/telefony/iphone_6_955838777,13 000 р.,10 ноября 16:55
Чехлы на iPhone 6,https://www.avito.ru/ryazan/telefony/chehly_na_iphone_6_1081367464,150 р.,Сегодня 15:26
"iPhone 6, 16г",https://www.avito.ru/ryazan/telefony/iphone_6_16g_1162899070,14 900 р.,11 ноября 13:06
